{"stats":{"minecraft:picked_up":{"minecraft:anvil":1,"minecraft:diamond_sword":2,"minecraft:stone_slab":10,"minecraft:smithing_table":3,"minecraft:lead":4,"minecraft:oak_stairs":101,"minecraft:enchanted_book":5,"minecraft:string":45,"minecraft:diamond_leggings":1,"minecraft:gold_nugget":225,"minecraft:cobbled_deepslate":330,"minecraft:spruce_planks":276,"minecraft:golden_helmet":1,"minecraft:composter":3,"minecraft:purpur_pillar":14,"minecraft:cherry_log":4,"minecraft:cauldron":3,"minecraft:stone_sword":1,"minecraft:tropical_fish":16,"minecraft:iron_block":206,"minecraft:glowstone":24,"minecraft:bookshelf":31,"minecraft:end_rod":28,"minecraft:blaze_rod":74,"minecraft:iron_bars":29,"minecraft:feather":8,"minecraft:cooked_beef":35,"minecraft:cherry_leaves":1,"minecraft:brown_wool":6,"minecraft:smoker":7,"minecraft:flint":19,"minecraft:stonecutter":4,"minecraft:glowstone_dust":4,"minecraft:moss_block":2,"minecraft:warped_wart_block":10,"minecraft:stripped_spruce_log":28,"minecraft:deepslate":695,"minecraft:deepslate_gold_ore":39,"minecraft:granite":127,"minecraft:spruce_button":1,"minecraft:bread":142,"minecraft:light_gray_carpet":24,"minecraft:crimson_roots":5,"minecraft:spruce_leaves":12,"minecraft:crafting_table":29,"minecraft:clay_ball":4,"minecraft:leather_leggings":2,"minecraft:purpur_block":15,"minecraft:cornflower":5,"minecraft:flint_and_steel":1,"minecraft:elytra":1,"minecraft:glass_pane":1,"minecraft:cracked_stone_bricks":2,"minecraft:deepslate_diamond_ore":65,"minecraft:beef":7,"minecraft:poppy":33,"minecraft:spruce_slab":4,"minecraft:minecart":26,"minecraft:chest":12,"minecraft:egg":10,"minecraft:copper_ore":28,"minecraft:stone":5508,"minecraft:oak_door":3,"minecraft:carrot":702,"minecraft:redstone":163,"minecraft:stone_shovel":1,"minecraft:diamond_chestplate":1,"minecraft:deepslate_bricks":18,"minecraft:shears":1,"minecraft:diamond_boots":1,"minecraft:hay_block":33,"minecraft:purpur_slab":1,"minecraft:gold_ingot":26,"minecraft:tuff_bricks":1,"minecraft:mutton":33,"minecraft:glow_berries":3,"minecraft:rail":133,"minecraft:bone_block":57,"minecraft:white_wool":282,"minecraft:oxeye_daisy":25,"minecraft:stripped_oak_log":10,"minecraft:red_mushroom":1,"minecraft:purpur_stairs":6,"minecraft:oak_log":90,"minecraft:golden_boots":4,"minecraft:paper":4,"minecraft:stone_bricks":108,"minecraft:apple":1,"minecraft:iron_ore":12,"minecraft:iron_sword":3,"minecraft:gravel":157,"minecraft:spruce_sapling":167,"minecraft:spruce_log":2436,"minecraft:crying_obsidian":4,"minecraft:dragon_egg":1,"minecraft:firework_rocket":2,"minecraft:coal_ore":116,"minecraft:stone_axe":3,"minecraft:short_grass":11,"minecraft:gray_wool":3,"minecraft:warped_roots":40,"minecraft:crimson_nylium":1,"minecraft:warped_nylium":37,"minecraft:hopper":3,"minecraft:ender_pearl":3820,"minecraft:shulker_shell":28,"minecraft:wheat":5,"minecraft:nether_brick_fence":3,"minecraft:yellow_wool":22,"minecraft:stone_brick_stairs":52,"minecraft:raw_copper":24,"minecraft:smooth_stone_slab":3,"minecraft:bucket":2,"minecraft:white_tulip":29,"minecraft:ender_eye":6,"minecraft:iron_pickaxe":2,"minecraft:furnace":12,"minecraft:stick":107,"minecraft:oak_fence":46,"minecraft:torch":36,"minecraft:porkchop":20,"minecraft:pointed_dripstone":24,"minecraft:diorite":56,"minecraft:rotten_flesh":132,"minecraft:obsidian":56,"minecraft:blaze_powder":5,"minecraft:cobblestone":1396,"minecraft:enchanting_table":1,"minecraft:pink_petals":136,"minecraft:leather_chestplate":1,"minecraft:magma_cream":2,"minecraft:andesite":69,"minecraft:golden_leggings":3,"minecraft:beacon":1,"minecraft:potato":203,"minecraft:tuff":41,"minecraft:dirt":15789,"minecraft:wither_skeleton_skull":3,"minecraft:lapis_lazuli":435,"minecraft:name_tag":1,"minecraft:leather_boots":2,"minecraft:glass":6,"minecraft:bone":106,"minecraft:bow":5,"minecraft:orange_tulip":1,"minecraft:wheat_seeds":270,"minecraft:deepslate_brick_slab":31,"minecraft:raw_gold":16,"minecraft:cobbled_deepslate_slab":1,"minecraft:bell":2,"minecraft:mossy_stone_bricks":1,"minecraft:fletching_table":1,"minecraft:oak_planks":163,"minecraft:stone_hoe":1,"minecraft:cooked_porkchop":34,"minecraft:sand":324,"minecraft:grass_block":3,"minecraft:lily_of_the_valley":33,"minecraft:spectral_arrow":7,"minecraft:mossy_cobblestone":3,"minecraft:shulker_box":73,"minecraft:spruce_boat":4,"minecraft:diamond":62,"minecraft:crossbow":2,"minecraft:bone_meal":19,"minecraft:spruce_sign":7,"minecraft:oak_sapling":15,"minecraft:chorus_fruit":142,"minecraft:netherrack":2019,"minecraft:oak_leaves":645,"minecraft:nether_star":1,"minecraft:end_stone_bricks":19,"minecraft:azure_bluet":192,"minecraft:chicken":4,"minecraft:ladder":6,"minecraft:cooked_rabbit":1,"minecraft:gold_block":7,"minecraft:shield":3,"minecraft:oak_boat":31,"minecraft:light_gray_wool":6,"minecraft:lectern":155,"minecraft:sugar_cane":387,"minecraft:spruce_trapdoor":10,"minecraft:raw_iron":128,"minecraft:end_stone":160,"minecraft:polished_blackstone_bricks":33,"minecraft:weeping_vines":1,"minecraft:arrow":46,"minecraft:nether_bricks":175,"minecraft:pink_tulip":10,"minecraft:basalt":45,"minecraft:leather":26,"minecraft:crimson_fungus":1,"minecraft:nether_wart_block":8,"minecraft:yellow_bed":15,"minecraft:gunpowder":50,"minecraft:cobblestone_stairs":3,"minecraft:cooked_mutton":42,"minecraft:rabbit_hide":1,"minecraft:iron_ingot":54,"minecraft:cooked_chicken":7,"minecraft:stripped_oak_wood":5,"minecraft:soul_sand":34,"minecraft:book":599,"minecraft:oak_slab":21,"minecraft:chiseled_stone_bricks":14,"minecraft:stone_brick_slab":1,"minecraft:quartz":142,"minecraft:dandelion":56,"minecraft:dripstone_block":32,"minecraft:blast_furnace":4,"minecraft:white_bed":13,"minecraft:gold_ore":2,"minecraft:spider_eye":16,"minecraft:iron_helmet":1,"minecraft:cherry_sapling":1,"minecraft:black_wool":4,"minecraft:coal":324,"minecraft:sunflower":54},"minecraft:used":{"minecraft:moss_block":2,"minecraft:tuff_bricks":1,"minecraft:spruce_slab":6,"minecraft:ladder":25,"minecraft:elytra":38,"minecraft:chest":35,"minecraft:stone":120,"minecraft:rotten_flesh":127,"minecraft:soul_sand":10,"minecraft:deepslate_brick_slab":246,"minecraft:stripped_spruce_log":25,"minecraft:spruce_boat":7,"minecraft:lava_bucket":7,"minecraft:copper_ore":2,"minecraft:cherry_leaves":1,"minecraft:stone_brick_stairs":136,"minecraft:bow":40,"minecraft:furnace":11,"minecraft:oak_sapling":1,"minecraft:potato":36,"minecraft:mossy_stone_bricks":1,"minecraft:diorite":3,"minecraft:end_stone_bricks":19,"minecraft:chorus_fruit":90,"minecraft:powered_rail":2,"minecraft:wooden_pickaxe":20,"minecraft:composter":3,"minecraft:purpur_pillar":14,"minecraft:oak_leaves":406,"minecraft:golden_apple":4,"minecraft:glow_berries":34,"minecraft:blast_furnace":5,"minecraft:lectern":158,"minecraft:nether_wart_block":7,"minecraft:diamond_sword":3404,"minecraft:smithing_table":4,"minecraft:white_stained_glass":41,"minecraft:oak_boat":31,"minecraft:enchanting_table":2,"minecraft:iron_bars":182,"minecraft:light_gray_carpet":490,"minecraft:netherrack":1154,"minecraft:torch":10,"minecraft:anvil":6,"minecraft:iron_block":370,"minecraft:iron_axe":410,"minecraft:diamond_chestplate":36,"minecraft:basalt":45,"minecraft:glowstone":2,"minecraft:cobbled_deepslate":81,"minecraft:pointed_dripstone":4,"minecraft:water_bucket":108,"minecraft:cherry_planks":4,"minecraft:cauldron":4,"minecraft:fletching_table":4,"minecraft:spruce_fence_gate":4,"minecraft:deepslate_bricks":96,"minecraft:cracked_stone_bricks":2,"minecraft:rail":166,"minecraft:oak_slab":6,"minecraft:crafting_table":38,"minecraft:white_bed":24,"minecraft:spruce_log":96,"minecraft:oak_log":7,"minecraft:ender_eye":17,"minecraft:diamond_pickaxe":12458,"minecraft:diamond_shovel":15702,"minecraft:sunflower":1,"minecraft:iron_pickaxe":542,"minecraft:purpur_slab":1,"minecraft:spruce_trapdoor":49,"minecraft:spruce_sapling":120,"minecraft:chiseled_stone_bricks":118,"minecraft:cobblestone":241,"minecraft:potion":2,"minecraft:cooked_porkchop":54,"minecraft:stripped_oak_log":3,"minecraft:dandelion":1,"minecraft:diamond_leggings":1,"minecraft:iron_shovel":408,"minecraft:shield":154,"minecraft:iron_sword":292,"minecraft:iron_chestplate":1,"minecraft:spruce_leaves":2,"minecraft:nether_bricks":87,"minecraft:carrot":181,"minecraft:tuff":37,"minecraft:obsidian":24,"minecraft:glass":215,"minecraft:warped_nylium":1,"minecraft:stone_bricks":1191,"minecraft:diamond_boots":2,"minecraft:wither_skeleton_skull":3,"minecraft:stone_pickaxe":146,"minecraft:oak_planks":11,"minecraft:ender_pearl":94,"minecraft:diamond_axe":3289,"minecraft:sugar_cane":53,"minecraft:white_wool":20,"minecraft:golden_hoe":117,"minecraft:dripstone_block":23,"minecraft:shears":695,"minecraft:end_stone":53,"minecraft:redstone_torch":2,"minecraft:firework_rocket":27,"minecraft:bread":107,"minecraft:brown_wool":2,"minecraft:deepslate":72,"minecraft:gravel":9,"minecraft:golden_helmet":1,"minecraft:grindstone":1,"minecraft:cooked_rabbit":1,"minecraft:bone_meal":360,"minecraft:experience_bottle":1,"minecraft:oak_fence":1,"minecraft:purpur_block":15,"minecraft:flint_and_steel":25,"minecraft:tropical_fish":16,"minecraft:stone_shovel":1,"minecraft:spruce_planks":1105,"minecraft:ender_chest":1,"minecraft:stone_hoe":24,"minecraft:cooked_chicken":9,"minecraft:dirt":11420,"minecraft:hopper":12,"minecraft:diamond_helmet":2,"minecraft:shulker_box":79,"minecraft:granite":31,"minecraft:iron_hoe":139,"minecraft:stone_brick_slab":237,"minecraft:bookshelf":18,"minecraft:light_gray_wool":1,"minecraft:golden_carrot":84,"minecraft:minecart":28,"minecraft:cooked_beef":42,"minecraft:cooked_mutton":73,"minecraft:iron_ore":4,"minecraft:baked_potato":26,"minecraft:spruce_sign":16,"minecraft:beacon":2,"minecraft:stonecutter":5,"minecraft:smoker":7,"minecraft:apple":3,"minecraft:stone_axe":111,"minecraft:cobbled_deepslate_slab":13,"minecraft:bucket":119,"minecraft:yellow_bed":16},"minecraft:custom":{"minecraft:interact_with_crafting_table":227,"minecraft:leave_game":21,"minecraft:time_since_death":66453,"minecraft:damage_blocked_by_shield":8987,"minecraft:play_time":2040602,"minecraft:deaths":34,"minecraft:jump":28243,"minecraft:enchant_item":100,"minecraft:interact_with_furnace":161,"minecraft:traded_with_villager":493,"minecraft:sleep_in_bed":71,"minecraft:damage_dealt":174794,"minecraft:interact_with_smoker":53,"minecraft:use_cauldron":7,"minecraft:interact_with_anvil":101,"minecraft:inspect_hopper":4,"minecraft:sneak_time":280570,"minecraft:total_world_time":2040602,"minecraft:interact_with_stonecutter":19,"minecraft:time_since_rest":409,"minecraft:swim_one_cm":215666,"minecraft:fly_one_cm":6684702,"minecraft:open_chest":932,"minecraft:fall_one_cm":542264,"minecraft:open_shulker_box":394,"minecraft:sprint_one_cm":3803590,"minecraft:drop":345,"minecraft:talked_to_villager":317,"minecraft:interact_with_brewingstand":1,"minecraft:walk_on_water_one_cm":245350,"minecraft:open_enderchest":3,"minecraft:interact_with_beacon":2,"minecraft:crouch_one_cm":1069909,"minecraft:mob_kills":11048,"minecraft:fill_cauldron":1,"minecraft:climb_one_cm":42133,"minecraft:walk_one_cm":5753301,"minecraft:walk_under_water_one_cm":259540,"minecraft:boat_one_cm":23889,"minecraft:interact_with_grindstone":2,"minecraft:damage_taken":38622,"minecraft:damage_absorbed":160,"minecraft:aviate_one_cm":1553035},"minecraft:mined":{"minecraft:white_bed":11,"minecraft:cherry_log":2,"minecraft:obsidian":52,"minecraft:granite":157,"minecraft:brown_wool":1,"minecraft:deepslate_bricks":17,"minecraft:purpur_slab":1,"minecraft:hopper":3,"minecraft:oxeye_daisy":11,"minecraft:chiseled_stone_bricks":20,"minecraft:spawner":1,"minecraft:polished_blackstone_bricks":45,"minecraft:weeping_vines_plant":2,"minecraft:cobbled_deepslate":9,"minecraft:fire":79,"minecraft:fletching_table":1,"minecraft:deepslate_lapis_ore":19,"minecraft:enchanting_table":1,"minecraft:cave_vines":1,"minecraft:water_cauldron":3,"minecraft:dirt_path":491,"minecraft:oak_stairs":101,"minecraft:iron_block":206,"minecraft:smoker":5,"minecraft:crimson_nylium":25,"minecraft:torch":4,"minecraft:blast_furnace":4,"minecraft:spruce_wall_sign":5,"minecraft:glass":13,"minecraft:sugar_cane":168,"minecraft:wheat":4,"minecraft:stone_brick_stairs":55,"minecraft:smooth_basalt":1,"minecraft:stonecutter":4,"minecraft:deepslate":1180,"minecraft:mossy_cobblestone":6,"minecraft:shulker_box":73,"minecraft:end_stone":160,"minecraft:nether_bricks":137,"minecraft:cobbled_deepslate_slab":1,"minecraft:crimson_roots":2,"minecraft:moss_block":7,"minecraft:redstone_ore":8,"minecraft:andesite":99,"minecraft:potatoes":41,"minecraft:rail":123,"minecraft:warped_stem":3,"minecraft:bone_block":57,"minecraft:white_wool":33,"minecraft:smithing_table":3,"minecraft:oak_slab":18,"minecraft:light_gray_carpet":16,"minecraft:glass_pane":7,"minecraft:soul_sand":51,"minecraft:lily_of_the_valley":33,"minecraft:stone_brick_slab":1,"minecraft:dandelion":1,"minecraft:short_grass":334,"minecraft:warped_roots":12,"minecraft:purpur_pillar":14,"minecraft:tall_grass":66,"minecraft:copper_ore":36,"minecraft:deepslate_gold_ore":55,"minecraft:diorite":87,"minecraft:warped_wart_block":5,"minecraft:spruce_log":2354,"minecraft:sunflower":13,"minecraft:gravel":194,"minecraft:dripstone_block":25,"minecraft:cobweb":7,"minecraft:stone_bricks":234,"minecraft:gold_ore":4,"minecraft:spruce_planks":347,"minecraft:cobblestone_stairs":3,"minecraft:spruce_trapdoor":9,"minecraft:cave_vines_plant":2,"minecraft:grass_block":6478,"minecraft:soul_soil":1,"minecraft:composter":2,"minecraft:tuff_bricks":1,"minecraft:glowstone":25,"minecraft:iron_ore":123,"minecraft:polished_tuff":1,"minecraft:anvil":1,"minecraft:azure_bluet":137,"minecraft:pointed_dripstone":4,"minecraft:iron_bars":23,"minecraft:end_stone_bricks":19,"minecraft:spruce_slab":5,"minecraft:deepslate_redstone_ore":32,"minecraft:blackstone":3,"minecraft:purpur_stairs":3,"minecraft:clay":5,"minecraft:poppy":11,"minecraft:beacon":1,"minecraft:chest":7,"minecraft:nether_quartz_ore":76,"minecraft:cobblestone":160,"minecraft:oak_planks":81,"minecraft:iron_door":5,"minecraft:wall_torch":2,"minecraft:pink_petals":7,"minecraft:warped_nylium":17,"minecraft:nether_wart_block":8,"minecraft:yellow_wool":14,"minecraft:light_gray_wool":1,"minecraft:stripped_oak_wood":5,"minecraft:purpur_block":21,"minecraft:smooth_stone_slab":3,"minecraft:oak_log":91,"minecraft:sand":335,"minecraft:dirt":8873,"minecraft:netherrack":1941,"minecraft:oak_leaves":702,"minecraft:nether_gold_ore":29,"minecraft:crying_obsidian":2,"minecraft:tuff":139,"minecraft:deepslate_diamond_ore":103,"minecraft:glow_lichen":1,"minecraft:ladder":3,"minecraft:white_stained_glass":6,"minecraft:spruce_leaves":96,"minecraft:hay_block":33,"minecraft:deepslate_brick_slab":27,"minecraft:furnace":9,"minecraft:carrots":168,"minecraft:nether_sprouts":3,"minecraft:stripped_spruce_log":45,"minecraft:gold_block":6,"minecraft:nether_brick_fence":4,"minecraft:bookshelf":233,"minecraft:deepslate_iron_ore":17,"minecraft:shroomlight":1,"minecraft:stripped_oak_log":10,"minecraft:chorus_plant":11,"minecraft:stone":6998,"minecraft:white_tulip":20,"minecraft:flowering_azalea":1,"minecraft:magenta_stained_glass":3,"minecraft:basalt":46,"minecraft:oak_fence":46,"minecraft:crafting_table":29,"minecraft:lectern":155,"minecraft:lapis_ore":14,"minecraft:polished_blackstone_brick_stairs":2,"minecraft:yellow_bed":13,"minecraft:coal_ore":215,"minecraft:cherry_leaves":1,"minecraft:end_rod":14,"minecraft:cracked_stone_bricks":3,"minecraft:mossy_stone_bricks":3},"minecraft:crafted":{"minecraft:ender_chest":1,"minecraft:smooth_stone":3,"minecraft:chainmail_helmet":8,"minecraft:blaze_powder":18,"minecraft:diamond_shovel":6,"minecraft:cooked_mutton":33,"minecraft:shulker_box":7,"minecraft:iron_bars":368,"minecraft:glass":320,"minecraft:diamond_helmet":1,"minecraft:diamond_leggings":1,"minecraft:beacon":1,"minecraft:emerald":428,"minecraft:cooked_porkchop":20,"minecraft:diamond_axe":4,"minecraft:smithing_table":1,"minecraft:fletching_table":3,"minecraft:lectern":3,"minecraft:stone_slab":6,"minecraft:iron_pickaxe":3,"minecraft:iron_block":182,"minecraft:gold_ingot":73,"minecraft:light_gray_dye":243,"minecraft:composter":2,"minecraft:spruce_fence_gate":5,"minecraft:golden_carrot":84,"minecraft:stone_shovel":1,"minecraft:light_gray_wool":217,"minecraft:yellow_bed":1,"minecraft:bone_meal":393,"minecraft:white_carpet":6,"minecraft:ladder":69,"minecraft:spruce_slab":42,"minecraft:stone_pickaxe":2,"minecraft:diamond_boots":1,"minecraft:spruce_boat":4,"minecraft:golden_helmet":1,"minecraft:wheat":297,"minecraft:enchanting_table":1,"minecraft:deepslate_brick_slab":14,"minecraft:white_stained_glass":48,"minecraft:enchanted_book":13,"minecraft:golden_apple":3,"minecraft:andesite_slab":6,"minecraft:chainmail_boots":12,"minecraft:iron_shovel":1,"minecraft:white_bed":11,"minecraft:grindstone":1,"minecraft:oak_planks":120,"minecraft:cooked_chicken":2,"minecraft:stone":167,"minecraft:hopper":9,"minecraft:stone_brick_slab":6,"minecraft:iron_boots":10,"minecraft:chest":48,"minecraft:rail":48,"minecraft:stone_hoe":1,"minecraft:ender_eye":12,"minecraft:stone_bricks":992,"minecraft:smoker":2,"minecraft:oak_slab":6,"minecraft:arrow":12,"minecraft:cauldron":1,"minecraft:crafting_table":13,"minecraft:spruce_planks":8054,"minecraft:baked_potato":162,"minecraft:wooden_pickaxe":1,"minecraft:iron_helmet":2,"minecraft:spruce_trapdoor":56,"minecraft:book":2,"minecraft:iron_chestplate":1,"minecraft:paper":81,"minecraft:diamond_pickaxe":5,"minecraft:shield":4,"minecraft:stick":12740,"minecraft:iron_ingot":123,"minecraft:redstone_torch":2,"minecraft:light_gray_carpet":333,"minecraft:shears":4,"minecraft:cherry_planks":16,"minecraft:cobbled_deepslate_slab":12,"minecraft:spruce_button":2,"minecraft:furnace":6,"minecraft:blast_furnace":1,"minecraft:flint_and_steel":1,"minecraft:iron_axe":5,"minecraft:iron_hoe":1,"minecraft:minecart":3,"minecraft:cooked_beef":7,"minecraft:diamond_sword":2,"minecraft:spruce_sign":9,"minecraft:iron_sword":1,"minecraft:bucket":3,"minecraft:stone_axe":11,"minecraft:bread":100,"minecraft:air":0,"minecraft:oak_boat":1,"minecraft:white_wool":3,"minecraft:gold_nugget":495,"minecraft:white_dye":48,"minecraft:stonecutter":1,"minecraft:anvil":6,"minecraft:diamond_chestplate":1,"minecraft:firework_rocket":27},"minecraft:dropped":{"minecraft:short_grass":11,"minecraft:diamond":9,"minecraft:crafting_table":1,"minecraft:orange_tulip":1,"minecraft:weeping_vines":1,"minecraft:red_mushroom":1,"minecraft:dirt":19,"minecraft:gold_nugget":6,"minecraft:white_wool":5,"minecraft:bone":14,"minecraft:oak_door":1,"minecraft:sugar_cane":2,"minecraft:cobbled_deepslate":16,"minecraft:rotten_flesh":16,"minecraft:oak_planks":1,"minecraft:glowstone_dust":4,"minecraft:light_gray_carpet":5,"minecraft:leather_leggings":1,"minecraft:spruce_slab":4,"minecraft:white_dye":36,"minecraft:enchanted_book":4,"minecraft:golden_boots":3,"minecraft:wheat_seeds":107,"minecraft:oak_fence":11,"minecraft:cobblestone":6,"minecraft:feather":5,"minecraft:book":1,"minecraft:granite":3,"minecraft:spruce_button":3,"minecraft:paper":15,"minecraft:string":4,"minecraft:spruce_sapling":1,"minecraft:pink_tulip":6,"minecraft:stone_sword":1,"minecraft:smooth_stone_slab":3,"minecraft:chicken":1,"minecraft:stone_slab":15,"minecraft:stone":1,"minecraft:spruce_trapdoor":1,"minecraft:spruce_planks":24,"minecraft:stone_bricks":2,"minecraft:spider_eye":1,"minecraft:black_wool":1,"minecraft:ender_pearl":3122,"minecraft:leather":1,"minecraft:flint":3,"minecraft:spruce_leaves":5,"minecraft:crimson_roots":1,"minecraft:gold_ingot":10,"minecraft:crimson_fungus":1,"minecraft:yellow_wool":8,"minecraft:pointed_dripstone":6,"minecraft:carrot":321,"minecraft:poppy":17,"minecraft:rabbit_hide":1,"minecraft:gunpowder":2,"minecraft:arrow":11,"minecraft:stick":9,"minecraft:diorite":31,"minecraft:nether_wart_block":1,"minecraft:pink_petals":3,"minecraft:bucket":1,"minecraft:dandelion":6,"minecraft:tuff":1,"minecraft:shield":2,"minecraft:andesite":8,"minecraft:golden_leggings":2,"minecraft:oak_sapling":2,"minecraft:spruce_log":64},"minecraft:broken":{"minecraft:shears":3,"minecraft:iron_chestplate":1,"minecraft:diamond_pickaxe":2,"minecraft:shield":1,"minecraft:iron_pickaxe":2,"minecraft:iron_helmet":1,"minecraft:golden_helmet":1,"minecraft:iron_shovel":1,"minecraft:stone_pickaxe":1,"minecraft:diamond_sword":1},"minecraft:killed":{"minecraft:cave_spider":1,"minecraft:shulker":26,"minecraft:skeleton":60,"minecraft:chicken":10,"minecraft:tropical_fish":5,"minecraft:magma_cube":11,"minecraft:iron_golem":3,"minecraft:ender_dragon":1,"minecraft:pillager":6,"minecraft:zombie":125,"minecraft:cow":20,"minecraft:rabbit":1,"minecraft:wandering_trader":2,"minecraft:enderman":10387,"minecraft:witch":1,"minecraft:spider":25,"minecraft:wither":1,"minecraft:silverfish":31,"minecraft:piglin_brute":1,"minecraft:piglin":12,"minecraft:pig":19,"minecraft:zombie_villager":3,"minecraft:creeper":32,"minecraft:sheep":54,"minecraft:trader_llama":4,"minecraft:blaze":84,"minecraft:hoglin":5,"minecraft:wither_skeleton":92,"minecraft:villager":1},"minecraft:killed_by":{"minecraft:piglin_brute":1,"minecraft:ender_dragon":5,"minecraft:creeper":2,"minecraft:piglin":1,"minecraft:blaze":2,"minecraft:enderman":6,"minecraft:iron_golem":1,"minecraft:skeleton":3}},"DataVersion":3953}