{"stats":{"minecraft:broken":{"minecraft:stone_pickaxe":2},"minecraft:used":{"minecraft:lava_bucket":1,"minecraft:writable_book":1,"minecraft:stone_pickaxe":262,"minecraft:wooden_pickaxe":6,"minecraft:spruce_sapling":4,"minecraft:cobblestone_slab":272,"minecraft:stone_axe":9,"minecraft:dirt":29,"minecraft:cobblestone":1,"minecraft:written_book":1,"minecraft:crafting_table":1,"minecraft:oak_sapling":4,"minecraft:ice":1},"minecraft:crafted":{"minecraft:oak_planks":48,"minecraft:cobblestone_slab":306,"minecraft:crafting_table":1,"minecraft:stick":8,"minecraft:wooden_pickaxe":1,"minecraft:stone_pickaxe":2,"minecraft:stone_axe":1},"minecraft:picked_up":{"minecraft:stick":1,"minecraft:sweet_berries":3,"minecraft:glow_item_frame":1,"minecraft:dandelion":1,"minecraft:oak_log":12,"minecraft:spruce_log":4,"minecraft:dirt":81,"minecraft:apple":1,"minecraft:writable_book":1,"minecraft:cobblestone_slab":2,"minecraft:poppy":1,"minecraft:oak_sapling":8,"minecraft:cobblestone":208},"minecraft:mined":{"minecraft:oak_sapling":3,"minecraft:spruce_sapling":1,"minecraft:sweet_berry_bush":1,"minecraft:ice":1,"minecraft:spruce_log":4,"minecraft:dandelion":1,"minecraft:short_grass":10,"minecraft:grass_block":30,"minecraft:oak_log":12,"minecraft:poppy":1,"minecraft:cobblestone_slab":1,"minecraft:dirt":52,"minecraft:cobblestone":267,"minecraft:spruce_leaves":34},"minecraft:custom":{"minecraft:time_since_rest":46108,"minecraft:sprint_one_cm":8910,"minecraft:damage_taken":260,"minecraft:walk_one_cm":59785,"minecraft:interact_with_crafting_table":14,"minecraft:fly_one_cm":49109,"minecraft:open_chest":19,"minecraft:crouch_one_cm":49406,"minecraft:play_time":47998,"minecraft:deaths":1,"minecraft:sneak_time":12615,"minecraft:jump":171,"minecraft:leave_game":3,"minecraft:time_since_death":46065,"minecraft:total_world_time":47998,"minecraft:fall_one_cm":753}},"DataVersion":3953}