{"stats":{"minecraft:used":{"minecraft:writable_book":1},"minecraft:picked_up":{"minecraft:oak_log":2,"minecraft:glow_item_frame":1,"minecraft:writable_book":1},"minecraft:mined":{"minecraft:short_grass":1,"minecraft:oak_log":2},"minecraft:custom":{"minecraft:jump":12,"minecraft:open_chest":5,"minecraft:time_since_rest":9971,"minecraft:sprint_one_cm":141,"minecraft:crouch_one_cm":1539,"minecraft:damage_taken":260,"minecraft:leave_game":1,"minecraft:play_time":11861,"minecraft:time_since_death":9928,"minecraft:walk_one_cm":16534,"minecraft:deaths":1,"minecraft:sneak_time":612,"minecraft:total_world_time":11861,"minecraft:fall_one_cm":484}},"DataVersion":3953}