{"stats":{"minecraft:used":{"minecraft:stone_axe":3,"minecraft:lava_bucket":1,"minecraft:writable_book":1,"minecraft:dirt":27,"minecraft:crafting_table":1,"minecraft:stone_pickaxe":114,"minecraft:ice":1,"minecraft:wooden_pickaxe":5,"minecraft:cobblestone_slab":45},"minecraft:picked_up":{"minecraft:glow_item_frame":1,"minecraft:dandelion":1,"minecraft:writable_book":1,"minecraft:oak_log":6,"minecraft:poppy":1,"minecraft:dirt":61,"minecraft:cobblestone":77},"minecraft:crafted":{"minecraft:oak_planks":16,"minecraft:cobblestone_slab":60,"minecraft:stone_axe":1,"minecraft:crafting_table":1,"minecraft:stick":8,"minecraft:wooden_pickaxe":1,"minecraft:stone_pickaxe":1},"minecraft:mined":{"minecraft:short_grass":10,"minecraft:grass_block":26,"minecraft:poppy":1,"minecraft:oak_log":6,"minecraft:dirt":36,"minecraft:cobblestone":119,"minecraft:ice":1,"minecraft:dandelion":1},"minecraft:custom":{"minecraft:time_since_rest":27971,"minecraft:open_chest":11,"minecraft:crouch_one_cm":20007,"minecraft:deaths":1,"minecraft:play_time":29861,"minecraft:sprint_one_cm":369,"minecraft:damage_taken":260,"minecraft:walk_one_cm":33876,"minecraft:sneak_time":6177,"minecraft:jump":23,"minecraft:leave_game":1,"minecraft:time_since_death":27928,"minecraft:total_world_time":29861,"minecraft:interact_with_crafting_table":9,"minecraft:fall_one_cm":484}},"DataVersion":3953}