{"stats":{"minecraft:broken":{"minecraft:stone_pickaxe":2},"minecraft:used":{"minecraft:lava_bucket":1,"minecraft:writable_book":1,"minecraft:stone_pickaxe":262,"minecraft:wooden_pickaxe":6,"minecraft:cobblestone_slab":122,"minecraft:stone_axe":9,"minecraft:dirt":29,"minecraft:cobblestone":1,"minecraft:crafting_table":1,"minecraft:oak_sapling":4,"minecraft:ice":1},"minecraft:crafted":{"minecraft:oak_planks":48,"minecraft:cobblestone_slab":246,"minecraft:crafting_table":1,"minecraft:stick":8,"minecraft:wooden_pickaxe":1,"minecraft:stone_pickaxe":2,"minecraft:stone_axe":1},"minecraft:picked_up":{"minecraft:stick":1,"minecraft:glow_item_frame":1,"minecraft:dandelion":1,"minecraft:oak_log":12,"minecraft:dirt":81,"minecraft:writable_book":1,"minecraft:cobblestone_slab":2,"minecraft:poppy":1,"minecraft:oak_sapling":4,"minecraft:cobblestone":208},"minecraft:mined":{"minecraft:oak_sapling":1,"minecraft:ice":1,"minecraft:dandelion":1,"minecraft:short_grass":10,"minecraft:grass_block":30,"minecraft:oak_log":12,"minecraft:poppy":1,"minecraft:cobblestone_slab":1,"minecraft:dirt":52,"minecraft:cobblestone":267},"minecraft:custom":{"minecraft:time_since_rest":39781,"minecraft:sprint_one_cm":1060,"minecraft:damage_taken":260,"minecraft:walk_one_cm":55362,"minecraft:interact_with_crafting_table":13,"minecraft:fly_one_cm":54,"minecraft:open_chest":14,"minecraft:crouch_one_cm":30743,"minecraft:play_time":41671,"minecraft:deaths":1,"minecraft:sneak_time":9168,"minecraft:jump":44,"minecraft:leave_game":2,"minecraft:time_since_death":39738,"minecraft:total_world_time":41671,"minecraft:fall_one_cm":484}},"DataVersion":3953}