{"stats":{"minecraft:custom":{"minecraft:interact_with_crafting_table":226,"minecraft:open_shulker_box":353,"minecraft:leave_game":14,"minecraft:time_since_death":25371,"minecraft:sprint_one_cm":3261733,"minecraft:damage_blocked_by_shield":8987,"minecraft:drop":330,"minecraft:talked_to_villager":314,"minecraft:play_time":1751568,"minecraft:deaths":33,"minecraft:jump":24552,"minecraft:interact_with_brewingstand":1,"minecraft:walk_on_water_one_cm":203501,"minecraft:enchant_item":100,"minecraft:interact_with_furnace":161,"minecraft:traded_with_villager":493,"minecraft:sleep_in_bed":49,"minecraft:open_enderchest":2,"minecraft:damage_dealt":167695,"minecraft:interact_with_beacon":1,"minecraft:crouch_one_cm":700864,"minecraft:interact_with_smoker":44,"minecraft:use_cauldron":7,"minecraft:interact_with_anvil":101,"minecraft:mob_kills":10596,"minecraft:inspect_hopper":3,"minecraft:fill_cauldron":1,"minecraft:climb_one_cm":36598,"minecraft:walk_one_cm":4763647,"minecraft:sneak_time":217351,"minecraft:walk_under_water_one_cm":142687,"minecraft:boat_one_cm":23889,"minecraft:total_world_time":1751568,"minecraft:interact_with_grindstone":2,"minecraft:interact_with_stonecutter":19,"minecraft:time_since_rest":15229,"minecraft:damage_taken":37738,"minecraft:damage_absorbed":160,"minecraft:swim_one_cm":189952,"minecraft:fly_one_cm":5631668,"minecraft:open_chest":807,"minecraft:aviate_one_cm":1319912,"minecraft:fall_one_cm":499750},"minecraft:killed_by":{"minecraft:piglin_brute":1,"minecraft:creeper":2,"minecraft:piglin":1,"minecraft:blaze":2,"minecraft:enderman":6,"minecraft:iron_golem":1,"minecraft:ender_dragon":5,"minecraft:skeleton":3},"minecraft:crafted":{"minecraft:grindstone":1,"minecraft:smooth_stone":3,"minecraft:oak_planks":120,"minecraft:chainmail_helmet":8,"minecraft:blaze_powder":18,"minecraft:cooked_chicken":2,"minecraft:stone":167,"minecraft:diamond_shovel":6,"minecraft:shulker_box":7,"minecraft:cooked_mutton":33,"minecraft:iron_bars":368,"minecraft:glass":320,"minecraft:hopper":9,"minecraft:stone_brick_slab":6,"minecraft:diamond_helmet":1,"minecraft:diamond_leggings":1,"minecraft:iron_boots":10,"minecraft:beacon":1,"minecraft:chest":48,"minecraft:rail":48,"minecraft:stone_hoe":1,"minecraft:ender_eye":12,"minecraft:stone_bricks":992,"minecraft:smoker":2,"minecraft:oak_slab":6,"minecraft:emerald":428,"minecraft:arrow":12,"minecraft:cauldron":1,"minecraft:cooked_porkchop":20,"minecraft:diamond_axe":4,"minecraft:crafting_table":13,"minecraft:spruce_planks":8054,"minecraft:iron_helmet":2,"minecraft:wooden_pickaxe":1,"minecraft:baked_potato":14,"minecraft:smithing_table":1,"minecraft:fletching_table":3,"minecraft:spruce_trapdoor":56,"minecraft:lectern":3,"minecraft:iron_chestplate":1,"minecraft:book":2,"minecraft:paper":81,"minecraft:diamond_pickaxe":5,"minecraft:shield":4,"minecraft:stick":12740,"minecraft:stone_slab":6,"minecraft:iron_ingot":123,"minecraft:iron_pickaxe":3,"minecraft:iron_block":182,"minecraft:gold_ingot":73,"minecraft:light_gray_dye":243,"minecraft:redstone_torch":2,"minecraft:light_gray_carpet":333,"minecraft:composter":2,"minecraft:spruce_fence_gate":5,"minecraft:shears":4,"minecraft:golden_carrot":84,"minecraft:cherry_planks":16,"minecraft:cobbled_deepslate_slab":12,"minecraft:stone_shovel":1,"minecraft:spruce_button":2,"minecraft:furnace":6,"minecraft:blast_furnace":1,"minecraft:light_gray_wool":217,"minecraft:yellow_bed":1,"minecraft:bone_meal":297,"minecraft:white_carpet":6,"minecraft:flint_and_steel":1,"minecraft:iron_axe":5,"minecraft:ladder":69,"minecraft:spruce_slab":42,"minecraft:iron_hoe":1,"minecraft:stone_pickaxe":2,"minecraft:diamond_boots":1,"minecraft:spruce_boat":4,"minecraft:golden_helmet":1,"minecraft:minecart":3,"minecraft:wheat":297,"minecraft:cooked_beef":7,"minecraft:diamond_sword":2,"minecraft:spruce_sign":9,"minecraft:enchanting_table":1,"minecraft:deepslate_brick_slab":14,"minecraft:iron_sword":1,"minecraft:bucket":3,"minecraft:stone_axe":11,"minecraft:white_stained_glass":48,"minecraft:enchanted_book":13,"minecraft:air":0,"minecraft:bread":100,"minecraft:oak_boat":1,"minecraft:white_wool":3,"minecraft:golden_apple":3,"minecraft:gold_nugget":495,"minecraft:white_dye":48,"minecraft:andesite_slab":6,"minecraft:chainmail_boots":12,"minecraft:iron_shovel":1,"minecraft:stonecutter":1,"minecraft:anvil":6,"minecraft:white_bed":11,"minecraft:firework_rocket":27,"minecraft:diamond_chestplate":1,"minecraft:ender_chest":1},"minecraft:killed":{"minecraft:cave_spider":1,"minecraft:spider":22,"minecraft:wither":1,"minecraft:shulker":26,"minecraft:skeleton":56,"minecraft:chicken":10,"minecraft:silverfish":31,"minecraft:piglin_brute":1,"minecraft:tropical_fish":5,"minecraft:magma_cube":11,"minecraft:piglin":12,"minecraft:pig":19,"minecraft:zombie_villager":3,"minecraft:iron_golem":2,"minecraft:ender_dragon":1,"minecraft:creeper":26,"minecraft:sheep":54,"minecraft:trader_llama":2,"minecraft:pillager":2,"minecraft:zombie":119,"minecraft:blaze":84,"minecraft:cow":20,"minecraft:rabbit":1,"minecraft:wandering_trader":1,"minecraft:hoglin":5,"minecraft:wither_skeleton":92,"minecraft:villager":1,"minecraft:enderman":9964},"minecraft:mined":{"minecraft:spruce_planks":347,"minecraft:white_bed":11,"minecraft:cherry_log":2,"minecraft:obsidian":52,"minecraft:spruce_trapdoor":9,"minecraft:cave_vines_plant":2,"minecraft:granite":157,"minecraft:grass_block":2663,"minecraft:brown_wool":1,"minecraft:soul_soil":1,"minecraft:deepslate_bricks":17,"minecraft:purpur_slab":1,"minecraft:composter":2,"minecraft:hopper":3,"minecraft:oxeye_daisy":11,"minecraft:chiseled_stone_bricks":20,"minecraft:spawner":1,"minecraft:polished_blackstone_bricks":45,"minecraft:weeping_vines_plant":2,"minecraft:glowstone":25,"minecraft:iron_ore":115,"minecraft:fire":78,"minecraft:cobbled_deepslate":9,"minecraft:anvil":1,"minecraft:deepslate_lapis_ore":19,"minecraft:fletching_table":1,"minecraft:azure_bluet":137,"minecraft:enchanting_table":1,"minecraft:pointed_dripstone":4,"minecraft:cave_vines":1,"minecraft:water_cauldron":3,"minecraft:dirt_path":117,"minecraft:iron_bars":23,"minecraft:iron_block":42,"minecraft:end_stone_bricks":19,"minecraft:spruce_slab":5,"minecraft:deepslate_redstone_ore":32,"minecraft:blackstone":3,"minecraft:crimson_nylium":19,"minecraft:smoker":5,"minecraft:purpur_stairs":3,"minecraft:clay":5,"minecraft:torch":3,"minecraft:blast_furnace":4,"minecraft:poppy":11,"minecraft:spruce_wall_sign":5,"minecraft:chest":7,"minecraft:glass":13,"minecraft:nether_quartz_ore":76,"minecraft:cobblestone":81,"minecraft:oak_planks":2,"minecraft:sugar_cane":110,"minecraft:iron_door":5,"minecraft:wall_torch":2,"minecraft:pink_petals":7,"minecraft:warped_nylium":17,"minecraft:nether_wart_block":8,"minecraft:yellow_wool":11,"minecraft:wheat":4,"minecraft:stripped_oak_wood":1,"minecraft:light_gray_wool":1,"minecraft:purpur_block":21,"minecraft:stone_brick_stairs":55,"minecraft:smooth_stone_slab":3,"minecraft:oak_log":39,"minecraft:dirt":2427,"minecraft:sand":332,"minecraft:smooth_basalt":1,"minecraft:stonecutter":4,"minecraft:netherrack":1919,"minecraft:oak_leaves":702,"minecraft:deepslate":1180,"minecraft:nether_gold_ore":29,"minecraft:crying_obsidian":2,"minecraft:tuff":139,"minecraft:mossy_cobblestone":3,"minecraft:deepslate_diamond_ore":103,"minecraft:end_stone":160,"minecraft:shulker_box":73,"minecraft:nether_bricks":137,"minecraft:glow_lichen":1,"minecraft:ladder":3,"minecraft:cobbled_deepslate_slab":1,"minecraft:crimson_roots":2,"minecraft:white_stained_glass":6,"minecraft:spruce_leaves":96,"minecraft:moss_block":7,"minecraft:hay_block":33,"minecraft:deepslate_brick_slab":27,"minecraft:redstone_ore":8,"minecraft:furnace":9,"minecraft:carrots":168,"minecraft:nether_sprouts":3,"minecraft:andesite":99,"minecraft:stripped_spruce_log":45,"minecraft:gold_block":6,"minecraft:nether_brick_fence":4,"minecraft:bookshelf":233,"minecraft:potatoes":5,"minecraft:shroomlight":1,"minecraft:deepslate_iron_ore":17,"minecraft:rail":123,"minecraft:warped_stem":3,"minecraft:stripped_oak_log":10,"minecraft:chorus_plant":11,"minecraft:white_tulip":20,"minecraft:stone":4242,"minecraft:bone_block":57,"minecraft:white_wool":30,"minecraft:smithing_table":3,"minecraft:oak_slab":3,"minecraft:light_gray_carpet":16,"minecraft:flowering_azalea":1,"minecraft:glass_pane":1,"minecraft:soul_sand":51,"minecraft:magenta_stained_glass":3,"minecraft:lily_of_the_valley":33,"minecraft:basalt":46,"minecraft:dandelion":1,"minecraft:stone_brick_slab":1,"minecraft:oak_fence":3,"minecraft:crafting_table":29,"minecraft:short_grass":260,"minecraft:warped_roots":12,"minecraft:lectern":155,"minecraft:copper_ore":24,"minecraft:purpur_pillar":14,"minecraft:tall_grass":56,"minecraft:lapis_ore":14,"minecraft:deepslate_gold_ore":55,"minecraft:polished_blackstone_brick_stairs":2,"minecraft:diorite":87,"minecraft:warped_wart_block":5,"minecraft:spruce_log":2354,"minecraft:yellow_bed":13,"minecraft:coal_ore":143,"minecraft:end_rod":14,"minecraft:cherry_leaves":1,"minecraft:sunflower":1,"minecraft:gravel":42,"minecraft:dripstone_block":25,"minecraft:cobweb":7,"minecraft:cracked_stone_bricks":3,"minecraft:stone_bricks":234,"minecraft:mossy_stone_bricks":3,"minecraft:gold_ore":4},"minecraft:broken":{"minecraft:golden_helmet":1,"minecraft:iron_shovel":1,"minecraft:shears":3,"minecraft:iron_chestplate":1,"minecraft:stone_pickaxe":1,"minecraft:diamond_pickaxe":2,"minecraft:diamond_sword":1,"minecraft:shield":1,"minecraft:iron_pickaxe":2,"minecraft:iron_helmet":1},"minecraft:dropped":{"minecraft:short_grass":11,"minecraft:ender_pearl":3090,"minecraft:diamond":9,"minecraft:crafting_table":1,"minecraft:orange_tulip":1,"minecraft:weeping_vines":1,"minecraft:leather":1,"minecraft:red_mushroom":1,"minecraft:spruce_leaves":5,"minecraft:dirt":19,"minecraft:crimson_roots":1,"minecraft:gold_nugget":6,"minecraft:white_wool":5,"minecraft:bone":14,"minecraft:gold_ingot":10,"minecraft:oak_door":1,"minecraft:crimson_fungus":1,"minecraft:sugar_cane":2,"minecraft:cobbled_deepslate":16,"minecraft:yellow_wool":8,"minecraft:pointed_dripstone":6,"minecraft:rotten_flesh":15,"minecraft:oak_planks":1,"minecraft:glowstone_dust":4,"minecraft:light_gray_carpet":5,"minecraft:carrot":321,"minecraft:poppy":17,"minecraft:rabbit_hide":1,"minecraft:gunpowder":2,"minecraft:leather_leggings":1,"minecraft:white_dye":36,"minecraft:spruce_slab":4,"minecraft:arrow":11,"minecraft:golden_boots":1,"minecraft:enchanted_book":4,"minecraft:wheat_seeds":29,"minecraft:feather":5,"minecraft:cobblestone":6,"minecraft:book":1,"minecraft:granite":3,"minecraft:spruce_button":3,"minecraft:stick":9,"minecraft:diorite":31,"minecraft:nether_wart_block":1,"minecraft:paper":15,"minecraft:string":4,"minecraft:pink_petals":3,"minecraft:bucket":1,"minecraft:pink_tulip":6,"minecraft:spruce_sapling":1,"minecraft:dandelion":6,"minecraft:stone_sword":1,"minecraft:smooth_stone_slab":3,"minecraft:tuff":1,"minecraft:chicken":1,"minecraft:stone_slab":15,"minecraft:stone":1,"minecraft:shield":2,"minecraft:spruce_planks":24,"minecraft:spruce_trapdoor":1,"minecraft:andesite":8,"minecraft:oak_sapling":2,"minecraft:spider_eye":1,"minecraft:stone_bricks":2,"minecraft:spruce_log":64,"minecraft:black_wool":1},"minecraft:used":{"minecraft:moss_block":2,"minecraft:iron_shovel":408,"minecraft:spruce_slab":6,"minecraft:elytra":32,"minecraft:ladder":25,"minecraft:shield":154,"minecraft:chest":35,"minecraft:stone":73,"minecraft:iron_sword":292,"minecraft:rotten_flesh":72,"minecraft:iron_chestplate":1,"minecraft:spruce_leaves":2,"minecraft:soul_sand":10,"minecraft:nether_bricks":87,"minecraft:carrot":181,"minecraft:deepslate_brick_slab":246,"minecraft:tuff":37,"minecraft:obsidian":24,"minecraft:stripped_spruce_log":25,"minecraft:glass":215,"minecraft:spruce_boat":7,"minecraft:lava_bucket":7,"minecraft:warped_nylium":1,"minecraft:cherry_leaves":1,"minecraft:stone_brick_stairs":136,"minecraft:stone_bricks":1191,"minecraft:bow":40,"minecraft:oak_sapling":1,"minecraft:furnace":11,"minecraft:wither_skeleton_skull":3,"minecraft:oak_planks":8,"minecraft:stone_pickaxe":146,"minecraft:mossy_stone_bricks":1,"minecraft:diorite":3,"minecraft:diamond_boots":2,"minecraft:end_stone_bricks":19,"minecraft:powered_rail":2,"minecraft:chorus_fruit":90,"minecraft:ender_pearl":87,"minecraft:wooden_pickaxe":20,"minecraft:sugar_cane":53,"minecraft:composter":3,"minecraft:diamond_axe":2992,"minecraft:purpur_pillar":14,"minecraft:golden_apple":4,"minecraft:oak_leaves":406,"minecraft:white_wool":20,"minecraft:glow_berries":34,"minecraft:golden_hoe":117,"minecraft:blast_furnace":5,"minecraft:dripstone_block":23,"minecraft:end_stone":53,"minecraft:shears":695,"minecraft:redstone_torch":2,"minecraft:firework_rocket":27,"minecraft:bread":107,"minecraft:brown_wool":2,"minecraft:lectern":158,"minecraft:deepslate":72,"minecraft:gravel":9,"minecraft:golden_helmet":1,"minecraft:diamond_sword":3264,"minecraft:nether_wart_block":7,"minecraft:grindstone":1,"minecraft:smithing_table":4,"minecraft:white_stained_glass":41,"minecraft:cooked_rabbit":1,"minecraft:oak_boat":31,"minecraft:bone_meal":264,"minecraft:experience_bottle":1,"minecraft:purpur_block":15,"minecraft:iron_bars":182,"minecraft:enchanting_table":2,"minecraft:flint_and_steel":25,"minecraft:tropical_fish":16,"minecraft:stone_shovel":1,"minecraft:light_gray_carpet":490,"minecraft:spruce_planks":1105,"minecraft:ender_chest":1,"minecraft:stone_hoe":24,"minecraft:cooked_chicken":9,"minecraft:netherrack":1154,"minecraft:torch":10,"minecraft:dirt":1184,"minecraft:anvil":6,"minecraft:hopper":12,"minecraft:diamond_helmet":2,"minecraft:shulker_box":79,"minecraft:granite":31,"minecraft:iron_hoe":139,"minecraft:stone_brick_slab":237,"minecraft:bookshelf":18,"minecraft:iron_block":206,"minecraft:iron_axe":410,"minecraft:glowstone":2,"minecraft:basalt":45,"minecraft:diamond_chestplate":32,"minecraft:light_gray_wool":1,"minecraft:golden_carrot":84,"minecraft:minecart":28,"minecraft:pointed_dripstone":4,"minecraft:cooked_beef":42,"minecraft:cobbled_deepslate":81,"minecraft:cooked_mutton":73,"minecraft:water_bucket":108,"minecraft:iron_ore":4,"minecraft:baked_potato":14,"minecraft:cherry_planks":4,"minecraft:spruce_sign":16,"minecraft:cauldron":4,"minecraft:beacon":1,"minecraft:fletching_table":4,"minecraft:stonecutter":5,"minecraft:spruce_fence_gate":4,"minecraft:deepslate_bricks":96,"minecraft:cracked_stone_bricks":2,"minecraft:rail":166,"minecraft:crafting_table":38,"minecraft:oak_slab":6,"minecraft:white_bed":24,"minecraft:spruce_log":96,"minecraft:smoker":6,"minecraft:oak_log":7,"minecraft:ender_eye":17,"minecraft:diamond_pickaxe":9297,"minecraft:apple":3,"minecraft:diamond_shovel":4999,"minecraft:iron_pickaxe":542,"minecraft:spruce_trapdoor":49,"minecraft:purpur_slab":1,"minecraft:spruce_sapling":120,"minecraft:stone_axe":111,"minecraft:chiseled_stone_bricks":118,"minecraft:cobblestone":241,"minecraft:potion":2,"minecraft:cobbled_deepslate_slab":13,"minecraft:cooked_porkchop":48,"minecraft:bucket":119,"minecraft:yellow_bed":16,"minecraft:dandelion":1,"minecraft:stripped_oak_log":3,"minecraft:diamond_leggings":1},"minecraft:picked_up":{"minecraft:shulker_shell":28,"minecraft:wheat":5,"minecraft:nether_brick_fence":3,"minecraft:anvil":1,"minecraft:yellow_wool":19,"minecraft:stone_slab":10,"minecraft:smithing_table":3,"minecraft:lead":2,"minecraft:diamond_sword":2,"minecraft:enchanted_book":5,"minecraft:stone_brick_stairs":52,"minecraft:string":39,"minecraft:raw_copper":24,"minecraft:smooth_stone_slab":3,"minecraft:diamond_leggings":1,"minecraft:gold_nugget":225,"minecraft:cobbled_deepslate":330,"minecraft:bucket":2,"minecraft:spruce_planks":276,"minecraft:white_tulip":29,"minecraft:ender_eye":6,"minecraft:iron_pickaxe":2,"minecraft:furnace":12,"minecraft:golden_helmet":1,"minecraft:stick":107,"minecraft:composter":3,"minecraft:oak_fence":3,"minecraft:torch":11,"minecraft:purpur_pillar":14,"minecraft:porkchop":20,"minecraft:cherry_log":4,"minecraft:pointed_dripstone":24,"minecraft:diorite":56,"minecraft:cauldron":3,"minecraft:stone_sword":1,"minecraft:rotten_flesh":109,"minecraft:tropical_fish":16,"minecraft:iron_block":42,"minecraft:glowstone":24,"minecraft:bookshelf":31,"minecraft:end_rod":28,"minecraft:blaze_rod":74,"minecraft:obsidian":56,"minecraft:iron_bars":29,"minecraft:blaze_powder":5,"minecraft:cobblestone":1308,"minecraft:magma_cream":2,"minecraft:enchanting_table":1,"minecraft:pink_petals":136,"minecraft:leather_chestplate":1,"minecraft:feather":8,"minecraft:cooked_beef":35,"minecraft:cherry_leaves":1,"minecraft:andesite":69,"minecraft:brown_wool":6,"minecraft:golden_leggings":1,"minecraft:smoker":7,"minecraft:potato":13,"minecraft:flint":4,"minecraft:tuff":41,"minecraft:wither_skeleton_skull":3,"minecraft:lapis_lazuli":435,"minecraft:dirt":5330,"minecraft:glass":6,"minecraft:name_tag":1,"minecraft:leather_boots":2,"minecraft:bone":104,"minecraft:cobbled_deepslate_slab":1,"minecraft:stonecutter":4,"minecraft:bow":5,"minecraft:wheat_seeds":156,"minecraft:orange_tulip":1,"minecraft:deepslate_brick_slab":31,"minecraft:raw_gold":16,"minecraft:bell":1,"minecraft:glowstone_dust":4,"minecraft:mossy_stone_bricks":1,"minecraft:fletching_table":1,"minecraft:moss_block":2,"minecraft:oak_planks":85,"minecraft:stone_hoe":1,"minecraft:cooked_porkchop":34,"minecraft:warped_wart_block":10,"minecraft:sand":321,"minecraft:stripped_spruce_log":28,"minecraft:lily_of_the_valley":33,"minecraft:grass_block":3,"minecraft:spectral_arrow":7,"minecraft:shulker_box":73,"minecraft:deepslate":695,"minecraft:diamond":62,"minecraft:spruce_boat":4,"minecraft:deepslate_gold_ore":39,"minecraft:crossbow":1,"minecraft:granite":127,"minecraft:bone_meal":19,"minecraft:nether_star":1,"minecraft:spruce_button":1,"minecraft:spruce_sign":7,"minecraft:bread":142,"minecraft:oak_sapling":15,"minecraft:netherrack":2019,"minecraft:light_gray_carpet":24,"minecraft:chorus_fruit":142,"minecraft:oak_leaves":645,"minecraft:crimson_roots":5,"minecraft:end_stone_bricks":19,"minecraft:spruce_leaves":12,"minecraft:crafting_table":29,"minecraft:azure_bluet":192,"minecraft:chicken":4,"minecraft:ladder":6,"minecraft:clay_ball":4,"minecraft:leather_leggings":2,"minecraft:cooked_rabbit":1,"minecraft:gold_block":7,"minecraft:purpur_block":15,"minecraft:shield":3,"minecraft:cornflower":1,"minecraft:elytra":1,"minecraft:flint_and_steel":1,"minecraft:cracked_stone_bricks":2,"minecraft:deepslate_diamond_ore":65,"minecraft:beef":7,"minecraft:oak_boat":31,"minecraft:poppy":33,"minecraft:light_gray_wool":6,"minecraft:spruce_slab":4,"minecraft:lectern":155,"minecraft:minecart":26,"minecraft:sugar_cane":240,"minecraft:chest":12,"minecraft:copper_ore":16,"minecraft:spruce_trapdoor":10,"minecraft:egg":10,"minecraft:raw_iron":128,"minecraft:end_stone":160,"minecraft:stone":2665,"minecraft:oak_door":1,"minecraft:polished_blackstone_bricks":33,"minecraft:carrot":702,"minecraft:redstone":158,"minecraft:arrow":40,"minecraft:weeping_vines":1,"minecraft:stone_shovel":1,"minecraft:diamond_chestplate":1,"minecraft:nether_bricks":175,"minecraft:deepslate_bricks":18,"minecraft:shears":1,"minecraft:diamond_boots":1,"minecraft:purpur_slab":1,"minecraft:hay_block":33,"minecraft:pink_tulip":10,"minecraft:gold_ingot":26,"minecraft:glow_berries":3,"minecraft:mutton":33,"minecraft:white_wool":279,"minecraft:bone_block":57,"minecraft:rail":133,"minecraft:oxeye_daisy":25,"minecraft:stripped_oak_log":10,"minecraft:basalt":45,"minecraft:leather":21,"minecraft:red_mushroom":1,"minecraft:crimson_fungus":1,"minecraft:purpur_stairs":6,"minecraft:oak_log":39,"minecraft:golden_boots":1,"minecraft:yellow_bed":15,"minecraft:nether_wart_block":8,"minecraft:gunpowder":33,"minecraft:paper":4,"minecraft:cooked_mutton":42,"minecraft:apple":1,"minecraft:stone_bricks":108,"minecraft:rabbit_hide":1,"minecraft:iron_ingot":48,"minecraft:cooked_chicken":7,"minecraft:iron_ore":4,"minecraft:stripped_oak_wood":1,"minecraft:iron_sword":3,"minecraft:soul_sand":34,"minecraft:book":599,"minecraft:oak_slab":6,"minecraft:chiseled_stone_bricks":14,"minecraft:stone_brick_slab":1,"minecraft:quartz":142,"minecraft:dandelion":44,"minecraft:dripstone_block":32,"minecraft:gravel":16,"minecraft:dragon_egg":1,"minecraft:spruce_sapling":167,"minecraft:blast_furnace":4,"minecraft:white_bed":13,"minecraft:spruce_log":2436,"minecraft:gold_ore":2,"minecraft:crying_obsidian":4,"minecraft:spider_eye":7,"minecraft:firework_rocket":2,"minecraft:coal_ore":44,"minecraft:stone_axe":3,"minecraft:short_grass":11,"minecraft:iron_helmet":1,"minecraft:cherry_sapling":1,"minecraft:gray_wool":3,"minecraft:warped_roots":40,"minecraft:black_wool":4,"minecraft:warped_nylium":37,"minecraft:crimson_nylium":1,"minecraft:coal":324,"minecraft:hopper":3,"minecraft:ender_pearl":3788}},"DataVersion":3953}